INSERT INTO entidad (nombre) VALUES
	("Gobernación de Amazonas"),
	("Gobernación de Antioquia"),
	("Gobernación de Arauca"),
	("Gobernación de Atlántico"),
	("Gobernación de Bolívar"),
	("Gobernación de Boyacá"),
	("Gobernación de Caldas"),
	("Gobernación de Caquetá"),
	("Gobernación de Casanare"),
	("Gobernación de Cauca"),
	("Gobernación de Cesar"),
	("Gobernación de Chocó"),
	("Gobernación de Córdoba"),
	("Gobernación de Cundinamarca"),
	("Gobernación de Guainía"),
	("Gobernación de Guaviare"),
	("Gobernación de Huila"),
	("Gobernación de La Guajira"),
	("Gobernación de Magdalena"),
	("Gobernación de Meta"),
	("Gobernación de Nariño"),
	("Gobernación de Norte de Santander"),
	("Gobernación de Putumayo"),
	("Gobernación de Quindío"),
	("Gobernación de Risaralda"),
	("Gobernación de San Andrés y Providencia"),
	("Gobernación de Santander"),
	("Gobernación de Sucre"),
	("Gobernación de Tolima"),
	("Gobernación de Valle del Cauca"),
	("Gobernación de Vaupés"),
	("Gobernación de Vichada")
;

INSERT INTO departamento (entidad, nombre, capital, superficie_km2, poblacion, prefijo_telefonico, region) VALUES
	(1, "Amazonas", "Leticia", 109665, 82068, 8, "Amazonía"),
	(2, "Antioquia", "Medellín", 63612, 6887306, 4, "Andina"),
	(3, "Arauca", "Arauca", 23818, 304978, 7, "Orinoquía"),
	(4, "Atlántico", "Barranquilla", 3388, 2804025, 5, "Caribe"),
	(5, "Bolívar", "Cartagena", 25978, 2236603, 5, "Caribe"),
	(6, "Boyacá", "Tunja", 23189, 1259601, 8, "Andina"),
	(7, "Caldas", "Manizales", 7888, 1036455, 6, "Andina"),
	(8, "Caquetá", "Florencia", 88965, 419275, 8, "Amazonía"),
	(9, "Casanare", "Yopal", 44640, 442068, 8, "Orinoquía"),
	(10, "Cauca", "Popayán", 29308, 1516018, 2, "Pacífico"),
	(11, "Cesar", "Valledupar", 22905, 1341697, 4, "Caribe"),
	(12, "Chocó", "Quibdó", 46530, 553519, 4, "Pacífico"),
	(13, "Cundinamarca", "Bogotá D.C.", 23071, 2473634, 1, "Andina"),
	(14, "Córdoba", "Montería", 25020, 1856496, 4, "Caribe"),
	(15, "Guainía", "Inírida", 72238, 52061, 8, "Amazonía"),
	(16, "Guaviare", "San José del Guaviare", 53460, 90357, 8, "Amazonía"),
	(17, "Huila", "Neiva", 19890, 1140932, 8, "Andina"),
	(18, "La Guajira", "Riohacha", 20848, 1002394, 5, "Caribe"),
	(19, "Magdalena", "Santa Marta", 23188, 1463427, 5, "Caribe"),
	(20, "Meta", "Villavicencio", 85635, 1080706, 8, "Orinoquía"),
	(21, "Nariño", "Pasto", 33268, 1629181, 2, "Pacífico"),
	(22, "Norte de Santander", "Cúcuta", 21658, 1651278, 7, "Andina"),
	(23, "Putumayo", "Mocoa", 24885, 369064, 8, "Amazonía"),
	(24, "Quindío", "La Esperanza", 1845, 569569, 6, "Andina"),
	(25, "Risaralda", "Pereira", 4140, 977829, 6, "Andina"),
	(26, "San Andrés y Providencia", "San Andrés", 44, 65228, 8, "Insular"),
	(27, "Santander", "Bucaramanga", 30537, 2324090, 7, "Andina"),
	(28, "Sucre", "Sincelejo", 10917, 972350, 5, "Caribe"),
	(29, "Tolima", "Ibagué", 23562, 1346935, 8, "Andina"),
	(30, "Valle del Cauca", "Cali", 22140, 4589278, 2, "Pacífico"),
	(31, "Vaupés", "Mitú", 54135, 48932, 8, "Amazonía"),
	(32, "Vichada", "Puerto Carreño", 100242, 115778, 8, "Orinoquía")
;

INSERT INTO parque_natural (nombre, fecha_declaracion, superficie_ha) VALUES
	("Parque nacional natural Cueva de los Guácharos", "1960-01-01", 9000),
	("Parque nacional natural Tayrona", "1964-01-01", 15000),
	("Vía parque Isla de Salamanca", "1964-01-01", 56200),
	("Parque nacional natural Sierra Nevada de Santa Marta", "1964-01-01", 383000),
	("Parque nacional natural Farallones de Cali", "1968-01-01", 150000),
	("Parque nacional natural El Tuparro", "1970-01-01", 548000),
	("Parque nacional natural Los Katíos", "1973-01-01", 72000),
	("Parque nacional natural Las Orquídeas", "1974-01-01", 32000),
	("Parque nacional natural Los Nevados", "1974-01-01", 38000),
	("Parque nacional natural Amacayacu", "1975-01-01", 293500),
	("Parque nacional natural Puracé", "1975-01-01", 83000),
	("Parque nacional natural Cordillera de los Picachos", "1977-01-01", 444740),
	("Parque nacional natural El Cocuy", "1977-01-01", 306000),
	("Santuario de fauna y flora Ciénaga Grande de Santa Marta", "1977-01-01", 26810),
	("Parque nacional natural Corales del Rosario y San Bernardo", "1977-01-01", 120000),
	("Santuario de fauna y flora Iguaque", "1977-01-01", 6750),
	("Santuario de flora Isla de la Corota", "1977-01-01", 16),
	("Parque nacional natural Las Hermosas", "1977-01-01", 125000),
	("Santuario de fauna y flora Los Colorados", "1977-01-01", 1000),
	("Santuario de fauna y flora los Flamencos", "1977-01-01", 7034),
	("Parque nacional natural Macuira", "1977-01-01", 25000),
	("Parque nacional natural Munchique", "1977-01-01", 44000),
	("Parque nacional natural Nevado del Huila", "1977-01-01", 158000),
	("Parque nacional natural Paramillo", "1977-01-01", 460000),
	("Parque nacional natural Pisba", "1977-01-01", 45000),
	("Parque nacional natural Sanquianga", "1977-01-01", 80000),
	("Parque nacional natural Sumapaz", "1977-01-01", 154000),
	("Parque nacional natural Tamá", "1977-01-01", 15000),
	("Parque nacional natural Chingaza", "1977-01-01", 76600),
	("Parque nacional natural Gorgona", "1984-01-01", 61687),
	("Parque nacional natural La Paya", "1984-01-01", 422000),
	("Santuario de fauna y flora Galeras", "1985-01-01", 7615),
	("Parque nacional natural Cahuinarí", "1987-01-01", 575000),
	("Parque nacional natural Tatamá", "1987-01-01", 51900),
	("Parque nacional natural Utría", "1987-01-01", 54300),
	("Área natural única Los Estoraques", "1988-01-01", 640),
	("Parque nacional natural Tinigua", "1989-01-01", 201875),
	("Parque nacional natural Catatumbo Barí", "1989-01-01", 158125),
	("Reserva nacional natural Nukak", "1989-01-01", 855000),
	("Reserva nacional natural Puinawai", "1989-01-01", 1092500),
	("Parque nacional natural Sierra de Chiribiquete", "1989-01-01", 1280000),
	("Parque nacional natural Sierra de La Macarena", "1989-01-01", 620000),
	("Santuario de fauna y flora Guanentá Alto Río Fonce", "1993-01-01", 10429),
	("Parque nacional natural Old Providence McBean Lagoon", "1995-01-01", 995),
	("Santuario de fauna y flora Malpelo", "1995-01-01", 120),
	("Santuario de fauna y flora Otún Quimbaya", "1996-01-01", 489),
	("Parque nacional natural Alto Fragua - Indi Wasi", "2002-01-01", 68000),
	("Santuario de fauna y flora El Corchal 'El Mono Hernández'", "2002-01-01", 3850),
	("Parque nacional natural Río Puré", "2002-01-01", 999880),
	("Parque nacional natural Selva de Florencia", "2005-01-01", 10019),
	("Parque nacional natural Serranía de los Yariguíes", "2005-01-01", 78837),
	("Parque nacional natural Complejo Volcánico Doña Juana - Cascabel", "2007-01-01", 65858),
	("Parque nacional natural Serranía de los Churumbelos - Auka Wasi", "2007-01-01", 97189),
	("Santuario de flora Plantas Medicinales Orito - Ingi Andé", "2008-01-01", 10204),
	("Parque nacional natural Yaigojé Apaporis", "2009-01-01", 1060603),
	("Parque nacional natural Uramba Bahía Málaga", "2010-01-01", 47094),
	("Santuario de fauna y flora Acandí, Playón y Playona", "2013-01-01", 26232),
	("Parque nacional natural Corales de Profundidad", "2013-01-01", 149192),
	("Parque nacional natural Bahía Portete - Kaurrele", "2014-01-01", 12500),
	("Distrito nacional de manejo integrado Yuruparí-Malpelo", "2017-01-01", 12000000),
	("Distrito nacional de manejo integrado Cabo Manglares, Bajo Mira y Frontera", "2017-01-01", 190282),
	("Distrito nacional de manejo integrado Cinaruco", "2018-01-01", 331848),
	("Reserva natural Cordillera Beata", "2022-01-01", 3312),
	("Distrito nacional de manejo integrado Colinas y Lomas Submarinas de la Cuenca Pacífico Norte", "2022-01-01", 2701500),
	("Parque nacional natural Serranía de Manacacías", "2023-01-01", 68030)
;

INSERT INTO jurisdiccion (departamento, parque_natural, relacion) VALUES
	(17, 1, "Principal"),
	(19, 2, "Principal"),
	(19, 3, "Principal"),
	(19, 4, "Principal"),
	(18, 4, "Secundario"),
	(11, 4, "Secundario"),
	(30, 5, "Principal"),
	(32, 6, "Principal"),
	(12, 7, "Principal"),
	(2, 7, "Secundario"),
	(2, 8, "Principal"),
	(25, 9, "Principal"),
	(29, 9, "Secundario"),
	(7, 9, "Secundario"),
	(24, 9, "Secundario"),
	(1, 10, "Principal"),
	(10, 11, "Principal"),
	(17, 11, "Secundario"),
	(20, 12, "Principal"),
	(8, 12, "Secundario"),
	(17, 12, "Secundario"),
	(3, 13, "Principal"),
	(6, 13, "Secundario"),
	(9, 13, "Secundario"),
	(19, 14, "Principal"),
	(5, 15, "Principal"),
	(6, 16, "Principal"),
	(21, 17, "Principal"),
	(29, 18, "Principal"),
	(30, 18, "Secundario"),
	(5, 19, "Principal"),
	(18, 20, "Principal"),
	(18, 21, "Principal"),
	(10, 22, "Principal"),
	(17, 23, "Principal"),
	(29, 23, "Secundario"),
	(10, 23, "Secundario"),
	(14, 24, "Principal"),
	(2, 24, "Secundario"),
	(6, 25, "Principal"),
	(21, 26, "Principal"),
	(13, 27, "Principal"),
	(20, 27, "Secundario"),
	(17, 27, "Secundario"),
	(22, 28, "Principal"),
	(13, 29, "Principal"),
	(20, 29, "Secundario"),
	(10, 30, "Principal"),
	(23, 31, "Principal"),
	(21, 32, "Principal"),
	(1, 33, "Principal"),
	(12, 34, "Principal"),
	(25, 34, "Secundario"),
	(30, 34, "Secundario"),
	(12, 35, "Principal"),
	(22, 36, "Principal"),
	(20, 37, "Principal"),
	(22, 38, "Principal"),
	(16, 39, "Principal"),
	(31, 39, "Secundario"),
	(15, 40, "Principal"),
	(8, 41, "Principal"),
	(16, 41, "Secundario"),
	(20, 42, "Principal"),
	(16, 42, "Secundario"),
	(6, 43, "Principal"),
	(27, 43, "Secundario"),
	(26, 44, "Principal"),
	(30, 45, "Principal"),
	(25, 46, "Principal"),
	(8, 47, "Principal"),
	(28, 48, "Principal"),
	(5, 48, "Secundario"),
	(1, 49, "Principal"),
	(7, 50, "Principal"),
	(27, 51, "Principal"),
	(10, 52, "Principal"),
	(21, 52, "Secundario"),
	(10, 53, "Principal"),
	(8, 53, "Secundario"),
	(23, 53, "Secundario"),
	(17, 53, "Secundario"),
	(21, 54, "Principal"),
	(23, 54, "Secundario"),
	(31, 55, "Principal"),
	(1, 55, "Secundario"),
	(30, 56, "Principal"),
	(12, 57, "Principal"),
	(5, 58, "Principal"),
	(28, 58, "Secundario"),
	(14, 58, "Secundario"),
	(18, 59, "Principal"),
	(30, 60, "Principal"),
	(10, 60, "Secundario"),
	(21, 60, "Secundario"),
	(21, 61, "Principal"),
	(3, 62, "Principal"),
	(18, 63, "Principal"),
	(12, 64, "Principal"),
	(20, 65, "Principal")
;