USE parques_naturales;

INSERT INTO entidad (nombre) VALUES
	("Gobernación de Amazonas"),
	("Gobernación de Antioquia"),
	("Gobernación de Arauca"),
	("Gobernación de Atlántico"),
	("Gobernación de Bolívar"),
	("Gobernación de Boyacá"),
	("Gobernación de Caldas"),
	("Gobernación de Caquetá"),
	("Gobernación de Casanare"),
	("Gobernación de Cauca"),
	("Gobernación de Cesar"),
	("Gobernación de Chocó"),
	("Gobernación de Córdoba"),
	("Gobernación de Cundinamarca"),
	("Gobernación de Guainía"),
	("Gobernación de Guaviare"),
	("Gobernación de Huila"),
	("Gobernación de La Guajira"),
	("Gobernación de Magdalena"),
	("Gobernación de Meta"),
	("Gobernación de Nariño"),
	("Gobernación de Norte de Santander"),
	("Gobernación de Putumayo"),
	("Gobernación de Quindío"),
	("Gobernación de Risaralda"),
	("Gobernación de San Andrés y Providencia"),
	("Gobernación de Santander"),
	("Gobernación de Sucre"),
	("Gobernación de Tolima"),
	("Gobernación de Valle del Cauca"),
	("Gobernación de Vaupés"),
	("Gobernación de Vichada")
;

INSERT INTO departamento (entidad, nombre, capital, superficie_km2, poblacion, prefijo_telefonico, region) VALUES
	(1, "Amazonas", "Leticia", 109665, 82068, 8, "Amazonía"),
	(2, "Antioquia", "Medellín", 63612, 6887306, 4, "Andina"),
	(3, "Arauca", "Arauca", 23818, 304978, 7, "Orinoquía"),
	(4, "Atlántico", "Barranquilla", 3388, 2804025, 5, "Caribe"),
	(5, "Bolívar", "Cartagena", 25978, 2236603, 5, "Caribe"),
	(6, "Boyacá", "Tunja", 23189, 1259601, 8, "Andina"),
	(7, "Caldas", "Manizales", 7888, 1036455, 6, "Andina"),
	(8, "Caquetá", "Florencia", 88965, 419275, 8, "Amazonía"),
	(9, "Casanare", "Yopal", 44640, 442068, 8, "Orinoquía"),
	(10, "Cauca", "Popayán", 29308, 1516018, 2, "Pacífico"),
	(11, "Cesar", "Valledupar", 22905, 1341697, 4, "Caribe"),
	(12, "Chocó", "Quibdó", 46530, 553519, 4, "Pacífico"),
	(13, "Cundinamarca", "Bogotá D.C.", 23071, 2473634, 1, "Andina"),
	(14, "Córdoba", "Montería", 25020, 1856496, 4, "Caribe"),
	(15, "Guainía", "Inírida", 72238, 52061, 8, "Amazonía"),
	(16, "Guaviare", "San José del Guaviare", 53460, 90357, 8, "Amazonía"),
	(17, "Huila", "Neiva", 19890, 1140932, 8, "Andina"),
	(18, "La Guajira", "Riohacha", 20848, 1002394, 5, "Caribe"),
	(19, "Magdalena", "Santa Marta", 23188, 1463427, 5, "Caribe"),
	(20, "Meta", "Villavicencio", 85635, 1080706, 8, "Orinoquía"),
	(21, "Nariño", "Pasto", 33268, 1629181, 2, "Pacífico"),
	(22, "Norte de Santander", "Cúcuta", 21658, 1651278, 7, "Andina"),
	(23, "Putumayo", "Mocoa", 24885, 369064, 8, "Amazonía"),
	(24, "Quindío", "La Esperanza", 1845, 569569, 6, "Andina"),
	(25, "Risaralda", "Pereira", 4140, 977829, 6, "Andina"),
	(26, "San Andrés y Providencia", "San Andrés", 44, 65228, 8, "Insular"),
	(27, "Santander", "Bucaramanga", 30537, 2324090, 7, "Andina"),
	(28, "Sucre", "Sincelejo", 10917, 972350, 5, "Caribe"),
	(29, "Tolima", "Ibagué", 23562, 1346935, 8, "Andina"),
	(30, "Valle del Cauca", "Cali", 22140, 4589278, 2, "Pacífico"),
	(31, "Vaupés", "Mitú", 54135, 48932, 8, "Amazonía"),
	(32, "Vichada", "Puerto Carreño", 100242, 115778, 8, "Orinoquía")
;

INSERT INTO parque_natural (nombre, fecha_declaracion, superficie_ha) VALUES
	("Parque nacional natural Cueva de los Guácharos", "1960-01-01", 9000),
	("Parque nacional natural Tayrona", "1964-01-01", 15000),
	("Vía parque Isla de Salamanca", "1964-01-01", 56200),
	("Parque nacional natural Sierra Nevada de Santa Marta", "1964-01-01", 383000),
	("Parque nacional natural Farallones de Cali", "1968-01-01", 150000),
	("Parque nacional natural El Tuparro", "1970-01-01", 548000),
	("Parque nacional natural Los Katíos", "1973-01-01", 72000),
	("Parque nacional natural Las Orquídeas", "1974-01-01", 32000),
	("Parque nacional natural Los Nevados", "1974-01-01", 38000),
	("Parque nacional natural Amacayacu", "1975-01-01", 293500),
	("Parque nacional natural Puracé", "1975-01-01", 83000),
	("Parque nacional natural Cordillera de los Picachos", "1977-01-01", 444740),
	("Parque nacional natural El Cocuy", "1977-01-01", 306000),
	("Santuario de fauna y flora Ciénaga Grande de Santa Marta", "1977-01-01", 26810),
	("Parque nacional natural Corales del Rosario y San Bernardo", "1977-01-01", 120000),
	("Santuario de fauna y flora Iguaque", "1977-01-01", 6750),
	("Santuario de flora Isla de la Corota", "1977-01-01", 16),
	("Parque nacional natural Las Hermosas", "1977-01-01", 125000),
	("Santuario de fauna y flora Los Colorados", "1977-01-01", 1000),
	("Santuario de fauna y flora los Flamencos", "1977-01-01", 7034),
	("Parque nacional natural Macuira", "1977-01-01", 25000),
	("Parque nacional natural Munchique", "1977-01-01", 44000),
	("Parque nacional natural Nevado del Huila", "1977-01-01", 158000),
	("Parque nacional natural Paramillo", "1977-01-01", 460000),
	("Parque nacional natural Pisba", "1977-01-01", 45000),
	("Parque nacional natural Sanquianga", "1977-01-01", 80000),
	("Parque nacional natural Sumapaz", "1977-01-01", 154000),
	("Parque nacional natural Tamá", "1977-01-01", 15000),
	("Parque nacional natural Chingaza", "1977-01-01", 76600),
	("Parque nacional natural Gorgona", "1984-01-01", 61687),
	("Parque nacional natural La Paya", "1984-01-01", 422000),
	("Santuario de fauna y flora Galeras", "1985-01-01", 7615),
	("Parque nacional natural Cahuinarí", "1987-01-01", 575000),
	("Parque nacional natural Tatamá", "1987-01-01", 51900),
	("Parque nacional natural Utría", "1987-01-01", 54300),
	("Área natural única Los Estoraques", "1988-01-01", 640),
	("Parque nacional natural Tinigua", "1989-01-01", 201875),
	("Parque nacional natural Catatumbo Barí", "1989-01-01", 158125),
	("Reserva nacional natural Nukak", "1989-01-01", 855000),
	("Reserva nacional natural Puinawai", "1989-01-01", 1092500),
	("Parque nacional natural Sierra de Chiribiquete", "1989-01-01", 1280000),
	("Parque nacional natural Sierra de La Macarena", "1989-01-01", 620000),
	("Santuario de fauna y flora Guanentá Alto Río Fonce", "1993-01-01", 10429),
	("Parque nacional natural Old Providence McBean Lagoon", "1995-01-01", 995),
	("Santuario de fauna y flora Malpelo", "1995-01-01", 120),
	("Santuario de fauna y flora Otún Quimbaya", "1996-01-01", 489),
	("Parque nacional natural Alto Fragua - Indi Wasi", "2002-01-01", 68000),
	("Santuario de fauna y flora El Corchal 'El Mono Hernández'", "2002-01-01", 3850),
	("Parque nacional natural Río Puré", "2002-01-01", 999880),
	("Parque nacional natural Selva de Florencia", "2005-01-01", 10019),
	("Parque nacional natural Serranía de los Yariguíes", "2005-01-01", 78837),
	("Parque nacional natural Complejo Volcánico Doña Juana - Cascabel", "2007-01-01", 65858),
	("Parque nacional natural Serranía de los Churumbelos - Auka Wasi", "2007-01-01", 97189),
	("Santuario de flora Plantas Medicinales Orito - Ingi Andé", "2008-01-01", 10204),
	("Parque nacional natural Yaigojé Apaporis", "2009-01-01", 1060603),
	("Parque nacional natural Uramba Bahía Málaga", "2010-01-01", 47094),
	("Santuario de fauna y flora Acandí, Playón y Playona", "2013-01-01", 26232),
	("Parque nacional natural Corales de Profundidad", "2013-01-01", 149192),
	("Parque nacional natural Bahía Portete - Kaurrele", "2014-01-01", 12500),
	("Distrito nacional de manejo integrado Yuruparí-Malpelo", "2017-01-01", 12000000),
	("Distrito nacional de manejo integrado Cabo Manglares, Bajo Mira y Frontera", "2017-01-01", 190282),
	("Distrito nacional de manejo integrado Cinaruco", "2018-01-01", 331848),
	("Reserva natural Cordillera Beata", "2022-01-01", 3312),
	("Distrito nacional de manejo integrado Colinas y Lomas Submarinas de la Cuenca Pacífico Norte", "2022-01-01", 2701500),
	("Parque nacional natural Serranía de Manacacías", "2023-01-01", 68030)
;

INSERT INTO jurisdiccion (departamento, parque_natural, relacion) VALUES
	(17, 1, "Principal"),
	(19, 2, "Principal"),
	(19, 3, "Principal"),
	(19, 4, "Principal"),
	(18, 4, "Secundario"),
	(11, 4, "Secundario"),
	(30, 5, "Principal"),
	(32, 6, "Principal"),
	(12, 7, "Principal"),
	(2, 7, "Secundario"),
	(2, 8, "Principal"),
	(25, 9, "Principal"),
	(29, 9, "Secundario"),
	(7, 9, "Secundario"),
	(24, 9, "Secundario"),
	(1, 10, "Principal"),
	(10, 11, "Principal"),
	(17, 11, "Secundario"),
	(20, 12, "Principal"),
	(8, 12, "Secundario"),
	(17, 12, "Secundario"),
	(3, 13, "Principal"),
	(6, 13, "Secundario"),
	(9, 13, "Secundario"),
	(19, 14, "Principal"),
	(5, 15, "Principal"),
	(6, 16, "Principal"),
	(21, 17, "Principal"),
	(29, 18, "Principal"),
	(30, 18, "Secundario"),
	(5, 19, "Principal"),
	(18, 20, "Principal"),
	(18, 21, "Principal"),
	(10, 22, "Principal"),
	(17, 23, "Principal"),
	(29, 23, "Secundario"),
	(10, 23, "Secundario"),
	(14, 24, "Principal"),
	(2, 24, "Secundario"),
	(6, 25, "Principal"),
	(21, 26, "Principal"),
	(13, 27, "Principal"),
	(20, 27, "Secundario"),
	(17, 27, "Secundario"),
	(22, 28, "Principal"),
	(13, 29, "Principal"),
	(20, 29, "Secundario"),
	(10, 30, "Principal"),
	(23, 31, "Principal"),
	(21, 32, "Principal"),
	(1, 33, "Principal"),
	(12, 34, "Principal"),
	(25, 34, "Secundario"),
	(30, 34, "Secundario"),
	(12, 35, "Principal"),
	(22, 36, "Principal"),
	(20, 37, "Principal"),
	(22, 38, "Principal"),
	(16, 39, "Principal"),
	(31, 39, "Secundario"),
	(15, 40, "Principal"),
	(8, 41, "Principal"),
	(16, 41, "Secundario"),
	(20, 42, "Principal"),
	(16, 42, "Secundario"),
	(6, 43, "Principal"),
	(27, 43, "Secundario"),
	(26, 44, "Principal"),
	(30, 45, "Principal"),
	(25, 46, "Principal"),
	(8, 47, "Principal"),
	(28, 48, "Principal"),
	(5, 48, "Secundario"),
	(1, 49, "Principal"),
	(7, 50, "Principal"),
	(27, 51, "Principal"),
	(10, 52, "Principal"),
	(21, 52, "Secundario"),
	(10, 53, "Principal"),
	(8, 53, "Secundario"),
	(23, 53, "Secundario"),
	(17, 53, "Secundario"),
	(21, 54, "Principal"),
	(23, 54, "Secundario"),
	(31, 55, "Principal"),
	(1, 55, "Secundario"),
	(30, 56, "Principal"),
	(12, 57, "Principal"),
	(5, 58, "Principal"),
	(28, 58, "Secundario"),
	(14, 58, "Secundario"),
	(18, 59, "Principal"),
	(30, 60, "Principal"),
	(10, 60, "Secundario"),
	(21, 60, "Secundario"),
	(21, 61, "Principal"),
	(3, 62, "Principal"),
	(18, 63, "Principal"),
	(12, 64, "Principal"),
	(20, 65, "Principal")
;

INSERT INTO area (parque_natural, nombre, extension_km2, id) VALUES
	(1, "Zona de recuperación natural Cueva de los Guácharos", 70, 1),
	(1, "Zona intangible Cueva de los Guácharos", 20, 2),
	(2, "Zona de playa Tayrona", 10, 3),
	(2, "Zona boscosa Tayrona", 120, 4),
	(2, "Zona marina Tayrona", 20, 5),
	(3, "Zona de manglar Isla de Salamanca", 400, 6),
	(3, "Zona acuática Isla de Salamanca", 162, 7),
	(4, "Zona glaciar Sierra Nevada", 200, 8),
	(4, "Zona de páramo Sierra Nevada", 1000, 9),
	(4, "Zona boscosa Sierra Nevada", 2630, 10),
	(5, "Zona alta Farallones", 500, 11),
	(5, "Zona media Farallones", 800, 12),
	(5, "Zona baja Farallones", 200, 13),
	(6, "Sabana El Tuparro", 3000, 14),
	(6, "Zona ribereña El Tuparro", 2480, 15),
	(7, "Zona húmeda Los Katíos", 500, 16),
	(7, "Zona de selva Los Katíos", 220, 17),
	(8, "Bosque nublado Las Orquídeas", 250, 18),
	(8, "Zona de conservación Las Orquídeas", 70, 19),
	(9, "Zona glaciar Los Nevados", 50, 20),
	(9, "Zona de páramo Los Nevados", 280, 21),
	(9, "Bosque alto andino Los Nevados", 50, 22),
	(10, "Zona inundable Amacayacu", 1500, 23),
	(10, "Selva tropical Amacayacu", 1435, 24),
	(11, "Zona volcánica Puracé", 200, 25),
	(11, "Zona de páramo Puracé", 630, 26),
	(12, "Cordillera oriental Picachos", 3000, 27),
	(12, "Zona de transición Picachos", 1447, 28),
	(13, "Zona glaciar El Cocuy", 300, 29),
	(13, "Zona de páramo El Cocuy", 2760, 30),
	(14, "Zona acuática Ciénaga Grande", 200, 31),
	(14, "Zona de manglar Ciénaga Grande", 68, 32),
	(15, "Arrecife coralino Rosario", 800, 33),
	(15, "Zona marina Rosario", 400, 34),
	(16, "Bosque alto andino Iguaque", 60, 35),
	(16, "Zona lacustre Iguaque", 7, 36),
	(17, "Isla La Corota", 1, 37),
	(18, "Páramo Las Hermosas", 700, 38),
	(18, "Bosque andino Las Hermosas", 550, 39),
	(19, "Bosque seco tropical Los Colorados", 10, 40),
	(20, "Laguna costera Flamencos", 60, 41),
	(20, "Zona de manglar Flamencos", 10, 42),
	(21, "Zona desértica Macuira", 150, 43),
	(21, "Bosque nublado Macuira", 100, 44),
	(22, "Bosque nublado Munchique", 300, 45),
	(22, "Zona de conservación Munchique", 140, 46),
	(23, "Zona glaciar Nevado del Huila", 200, 47),
	(23, "Zona de páramo Nevado del Huila", 1000, 48),
	(23, "Bosque andino Nevado del Huila", 380, 49),
	(24, "Zona selvática Paramillo", 3000, 50),
	(24, "Zona de páramo Paramillo", 1600, 51),
	(25, "Zona de páramo Pisba", 300, 52),
	(25, "Bosque alto andino Pisba", 150, 53),
	(26, "Zona de manglar Sanquianga", 500, 54),
	(26, "Zona costera Sanquianga", 300, 55),
	(27, "Zona de páramo Sumapaz", 1000, 56),
	(27, "Bosque andino Sumapaz", 540, 57),
	(28, "Bosque andino Tamá", 100, 58),
	(28, "Zona de páramo Tamá", 50, 59),
	(29, "Zona de páramo Chingaza", 500, 60),
	(29, "Bosque alto andino Chingaza", 266, 61),
	(30, "Zona marina Gorgona", 500, 62),
	(30, "Zona insular Gorgona", 117, 63),
	(31, "Selva amazónica La Paya", 3800, 64),
	(31, "Zona ribereña La Paya", 420, 65),
	(32, "Zona volcánica Galeras", 60, 66),
	(32, "Zona de conservación Galeras", 16, 67),
	(33, "Selva inundable Cahuinarí", 4000, 68),
	(33, "Zona ribereña Cahuinarí", 1750, 69),
	(34, "Bosque nublado Tatamá", 400, 70),
	(34, "Zona de páramo Tatamá", 119, 71),
	(35, "Zona marina Utría", 300, 72),
	(35, "Zona costera Utría", 243, 73),
	(36, "Formaciones rocosas Los Estoraques", 6, 74),
	(37, "Selva amazónica Tinigua", 1800, 75),
	(37, "Zona de transición Tinigua", 219, 76),
	(38, "Selva húmeda Catatumbo Barí", 1000, 77),
	(38, "Zona ribereña Catatumbo Barí", 581, 78),
	(39, "Selva amazónica Nukak", 7000, 79),
	(39, "Zona de transición Nukak", 1550, 80),
	(40, "Selva amazónica Puinawai", 9000, 81),
	(40, "Zona ribereña Puinawai", 1925, 82),
	(41, "Zona tepuyana Chiribiquete", 7000, 83),
	(41, "Selva amazónica Chiribiquete", 5800, 84),
	(42, "Serranía La Macarena", 4000, 85),
	(42, "Zona de transición La Macarena", 2200, 86),
	(43, "Bosque andino Guanentá", 80, 87),
	(43, "Zona de páramo Guanentá", 24, 88),
	(44, "Zona marina McBean Lagoon", 8, 89),
	(44, "Manglar McBean Lagoon", 2, 90),
	(45, "Zona marina Malpelo", 1, 91),
	(46, "Bosque subandino Otún Quimbaya", 5, 92),
	(47, "Selva amazónica Alto Fragua", 550, 93),
	(47, "Zona de transición Alto Fragua", 130, 94),
	(48, "Zona de manglar El Corchal", 30, 95),
	(48, "Zona pantanosa El Corchal", 8, 96),
	(49, "Selva amazónica Río Puré", 8500, 97),
	(49, "Zona ribereña Río Puré", 1499, 98),
	(50, "Bosque nublado Selva de Florencia", 80, 99),
	(50, "Zona de conservación Florencia", 20, 100),
	(51, "Bosque andino Yariguíes", 600, 101),
	(51, "Zona de páramo Yariguíes", 188, 102),
	(52, "Zona volcánica Doña Juana", 400, 103),
	(52, "Bosque andino Doña Juana", 259, 104),
	(53, "Selva andino-amazónica Churumbelos", 700, 105),
	(53, "Zona de transición Churumbelos", 272, 106),
	(54, "Selva baja Plantas Medicinales", 80, 107),
	(54, "Zona de conservación Plantas Medicinales", 22, 108),
	(55, "Selva amazónica Yaigojé Apaporis", 9000, 109),
	(55, "Zona ribereña Yaigojé Apaporis", 1606, 110),
	(56, "Zona marina Bahía Málaga", 400, 111),
	(56, "Zona costera Bahía Málaga", 71, 112),
	(57, "Playa Acandí", 100, 113),
	(57, "Zona marina Acandí", 162, 114),
	(58, "Zona coralina profunda", 1100, 115),
	(58, "Zona bentónica", 392, 116),
	(59, "Zona marina Bahía Portete", 100, 117),
	(59, "Zona costera Bahía Portete", 25, 118),
	(60, "Zona oceánica Yuruparí-Malpelo", 100000, 119),
	(60, "Zona abismal Yuruparí-Malpelo", 20000, 120),
	(61, "Zona de manglar Cabo Manglares", 1500, 121),
	(61, "Zona costera Cabo Manglares", 403, 122),
	(62, "Sabana inundable Cinaruco", 2800, 123),
	(62, "Zona ribereña Cinaruco", 518, 124),
	(63, "Zona montañosa Cordillera Beata", 30, 125),
	(63, "Zona boscosa Cordillera Beata", 3, 126),
	(64, "Zona submarina Colinas", 20000, 127),
	(64, "Zona abisal Colinas", 7015, 128),
	(65, "Sabana Manacacías", 500, 129),
	(65, "Zona ribereña Manacacías", 180, 130)
;

INSERT INTO especie (area, reino, den_cientifica, den_vulgar, cantidad) VALUES
	(45, "Animal", "Harpia harpyja", "Águila arpía", 234),
	(87, "Animal", "Spizaetus ornatus", "Águila crestada", 342),
	(13, "Animal", "Pandion haliaetus", "Águila pescadora", 467),
	(102, "Animal", "Anolis huilae", "Anolis de rueda", 1256),
	(29, "Animal", "Latrodectus spp.", "Arañas viudas", 8764),
	(76, "Animal", "Osteoglossum bicirrhosum", "Arawana", 987),
	(55, "Animal", "Sciurus granatensis", "Ardilla de cola roja", 2345),
	(112, "Animal", "Dasypus novemcinctus", "Armadillo de nueve bandas", 654),
	(93, "Animal", "Caiman crocodilus", "Babilla", 321),
	(38, "Animal", "Megaptera novaeangliae", "Ballena jorobada", 125),
	(64, "Animal", "Sphyraena barracuda", "Barracuda", 456),
	(22, "Animal", "Pitangus sulphuratus", "Bichofué", 3421),
	(107, "Animal", "Asio clamator", "Búho rayado", 233),
	(85, "Animal", "Hypopyrrhus pyrohypogaster", "Cacique candela", 178),
	(48, "Animal", "Crocodylus acutus", "Caimán aguja", 89),
	(73, "Animal", "Crocodylus intermedius", "Caimán del Orinoco", 54),
	(31, "Animal", "Eriocnemis luciani", "Calzadito reluciente", 453),
	(10, "Animal", "Gecarcinus lateralis", "Cangrejo carretero rojo", 1234),
	(58, "Animal", "Gecarcinus ruricola", "Cangrejo negro", 987),
	(69, "Animal", "Cymbium spp.", "Caracol pala", 2345),
	(128, "Animal", "Caracara plancus", "Carancho", 321),
	(17, "Animal", "Cardinalis phoeniceus", "Cardenal guajiro", 234),
	(95, "Animal", "Campephilus pollens", "Carpintero habado", 189),
	(51, "Animal", "Cacicus cela", "Carriquí verdiamarillo", 276),
	(83, "Animal", "Falco sparverius", "Cernícalo", 345),
	(62, "Animal", "Cyanocorax yncas", "Chavarria", 187),
	(35, "Animal", "Opisthocomus hoazin", "Chenchena", 234),
	(125, "Animal", "Epinephelus itajara", "Cherna", 76),
	(91, "Animal", "Hydrochoerus hydrochaeris", "Chigüiro", 986),
	(24, "Animal", "Sturnella magna", "Chillón común", 345),
	(67, "Animal", "Chlorophonia cyanea", "Clorofonia verdeazul", 156),
	(110, "Animal", "Nasuella olivacea", "Coatí andino", 234),
	(43, "Animal", "Colibri delphinae", "Colibrí del roble", 567),
	(71, "Animal", "Chlorostilbon mellisugus", "Colibrí esmeralda", 787),
	(16, "Animal", "Oreotrochilus chimborazo", "Colibrí paramuno", 345),
	(99, "Animal", "Ensifera ensifera", "Colibrí pico de espada", 278),
	(127, "Animal", "Vultur gryphus", "Cóndor de los Andes", 65),
	(34, "Animal", "Plexaura homomalla", "Coral blando", 789),
	(53, "Animal", "Diploria labyrinthiformis", "Coral cerebro", 456),
	(77, "Animal", "Pionopsitta pulchra", "Cotorra carirrosada", 344),
	(113, "Animal", "Psittacara wagleri", "Cotorra montañera", 267),
	(44, "Animal", "Tapirus terrestris", "Danta", 123),
	(82, "Animal", "Inia geoffrensis", "Delfín rosado", 87),
	(19, "Animal", "Xestospongia muta", "Esponja barril gigante", 678),
	(130, "Animal", "Oxyrhopus petolarius", "Falsa coral", 356),
	(66, "Animal", "Phoenicopterus ruber", "Flamenco rosado", 234),
	(105, "Animal", "Fregata magnificens", "Fragata", 178),
	(92, "Animal", "Rupicola peruvianus", "Gallito de roca", 276),
	(28, "Animal", "Neochen jubata", "Ganso del Orinoco", 154),
	(84, "Animal", "Ardea cocoi", "Garza morena", 344),
	(117, "Animal", "Jabiru mycteria", "Garzón soldado", 123),
	(49, "Animal", "Buteo platypterus", "Gavilán aliancho", 234),
	(37, "Animal", "Galictis vittata", "Grisón", 187),
	(56, "Animal", "Ara spp.", "Guacamaya", 176),
	(75, "Animal", "Steatornis caripensis", "Guácharo", 236),
	(21, "Animal", "Dendrocygna autumnalis", "Guaco manglero", 345),
	(14, "Animal", "Cuniculus paca", "Guagua", 567),
	(123, "Animal", "Panthera onca", "Jaguar", 78),
	(42, "Animal", "Crotaphytus collaris", "Lagarto collarejo", 456),
	(68, "Animal", "Anolis agassizi", "Lagarto de Malpelo", 345),
	(104, "Animal", "Panulirus argus", "Langosta espinosa", 678),
	(9, "Animal", "Ognorhynchus icterotis", "Loro orejiamarillo", 187),
	(116, "Animal", "Trichechus manatus", "Manatí del Caribe", 89),
	(33, "Animal", "Manta birostris", "Manta gigante", 56),
	(81, "Animal", "Ateles spp.", "Marimondas", 356),
	(50, "Animal", "Diaethria clymena", "Mariposa 88", 1234),
	(94, "Animal", "Pieris rapae", "Mariposa blanca listada", 2345),
	(27, "Animal", "Aotus lemurinus", "Mico de noche andino", 234),
	(119, "Animal", "Alouatta spp.", "Mono aullador", 345),
	(40, "Animal", "Cebus spp.", "Mono capuchino", 456),
	(72, "Animal", "Cebus capucinus", "Mono cariblanco", 234),
	(98, "Animal", "Plecturocebus ornatus", "Mono volador", 187),
	(7, "Animal", "Dasyprocta fuliginosa", "Ñeque", 456),
	(129, "Animal", "Chlorocypha spp.", "Ninfa de las aguas", 876),
	(65, "Animal", "Pteronura brasiliensis", "Nutria gigante", 123),
	(120, "Animal", "Tremarctos ornatus", "Oso de anteojos", 87),
	(90, "Animal", "Tamandua tetradactyla", "Oso hormiguero", 138),
	(15, "Animal", "Myrmecophaga tridactyla", "Oso hormiguero gigante", 78),
	(60, "Animal", "Platalea ajaja", "Pato cuchara", 234),
	(36, "Animal", "Phalacrocorax brasilianus", "Pato cuervo", 345),
	(111, "Animal", "Merganetta armata", "Pato de los torrentes", 167),
	(80, "Animal", "Pauxi pauxi", "Paujil copete de piedra", 187),
	(26, "Animal", "Penelope montagnii", "Pava andina", 276),
	(57, "Animal", "Penelope perspicax", "Pava caucana", 187),
	(96, "Animal", "Pelecanus occidentalis", "Pelícano", 345),
	(2, "Animal", "Choloepus didactylus", "Perezoso de dos dedos", 234),
	(121, "Animal", "Brotogeris versicolurus", "Periquito aliamarillo", 567),
	(41, "Animal", "Pterois volitans", "Pez león", 876),
	(74, "Animal", "Scarus spp.", "Pez loro", 678),
	(103, "Animal", "Ogcocephalus darwini", "Pez murciélago de labios rosas", 345),
	(12, "Animal", "Crax rubra", "Pigua", 234),
	(89, "Animal", "Sula granti", "Piquero de Nazca", 178),
	(106, "Animal", "Coendou prehensilis", "Puerco espín", 265),
	(47, "Animal", "Puma concolor", "Puma", 98),
	(78, "Animal", "Hypsiboas crepitans", "Rana de muslos naranja", 456),
	(30, "Animal", "Phyllobates terribilis", "Rana dorada", 234),
	(61, "Animal", "Oophaga lehmanni", "Rana venenosa de Lehmann", 187),
	(18, "Animal", "Rhinella margaritifera", "Sapo narigudo", 456),
	(114, "Animal", "Crotalus durissus", "Serpientes cascabel", 345),
	(25, "Animal", "Nemosia pileata", "Tángara encapuchada", 456),
	(100, "Animal", "Tangara dowii", "Tángara goteada", 278),
	(52, "Animal", "Chlorochrysa nitidissima", "Tángara multicolor", 345),
	(11, "Animal", "Triaenodon obesus", "Tiburón aletiblanco", 126),
	(86, "Animal", "Rhincodon typus", "Tiburón ballena", 87),
	(59, "Animal", "Ginglymostoma cirratum", "Tiburón nodriza", 134),
	(4, "Animal", "Mitsukurina owstoni", "Tiburón solrayo", 56),
	(108, "Animal", "Leopardus tigrinus", "Tigrillo", 176),
	(70, "Animal", "Saguinus spp.", "Tití", 345),
	(32, "Animal", "Leontopithecus rosalia", "Tití pielroja", 187),
	(124, "Animal", "Icterus chrysater", "Toche", 456),
	(88, "Animal", "Capito hypoleucus", "Torito dorsiblanco", 234),
	(6, "Animal", "Lepidochelys olivacea", "Tortuga golfina", 167),
	(39, "Animal", "Dendroplex picus", "Trepatronco pico de lanza", 345),
	(122, "Animal", "Trogon spp.", "Trogón", 456),
	(97, "Animal", "Aulacorhynchus haematopygus", "Tucanete culirrojo", 276),
	(54, "Animal", "Andigena nigrirostris", "Tucán pechiazul", 187),
	(3, "Animal", "Odocoileus virginianus", "Venado común", 245),
	(115, "Animal", "Odocoileus virginianus", "Venado de cola blanca", 234),
	(23, "Animal", "Lycalopex culpaeus", "Zorro plateado", 167),
	(79, "Vegetal", "Eichhornia crassipes", "Cardo de agua", 876),
	(118, "Vegetal", "Espeletia spp.", "Frailejón", 543),
	(46, "Vegetal", "Cookeina tricholoma", "Hongo de copa rosada", 678),
	(63, "Vegetal", "Bursera simaruba", "Indio desnudo", 567),
	(5, "Vegetal", "Victoria amazonica", "Loto gigante", 456),
	(109, "Vegetal", "Mauritia flexuosa", "Morichal", 345),
	(101, "Vegetal", "Epidendrum chingazaense", "Orquídea Chingaza", 276),
	(1, "Vegetal", "Epidendrum radicans", "Orquídea estrella", 354),
	(126, "Vegetal", "Odontoglossum gloriosum", "Orquídea tigre", 267),
	(20, "Vegetal", "Ceroxylon quindiuense", "Palma de cera cafetera", 145),
	(8, "Vegetal", "Heliconia spp.", "Platanillo", 567),
	(57, "Vegetal", "Quercus humboldtii", "Roble de tierra fría", 234),
	(93, "Vegetal", "Pourouma cecropiifolia", "Uva de monte", 456),
	(1, "Mineral", "Quartz", "Cuarzo", 50),
	(1, "Mineral", "Feldspar", "Feldespato", 40),
	(2, "Mineral", "Calcite", "Calcita", 35),
	(2, "Mineral", "Pyrite", "Pirita", 25),
	(3, "Mineral", "Hematite", "Hematita", 30),
	(3, "Mineral", "Magnetite", "Magnetita", 20),
	(4, "Mineral", "Galena", "Galena", 18),
	(4, "Mineral", "Gypsum", "Yeso", 22),
	(5, "Mineral", "Halite", "Halita", 15),
	(5, "Mineral", "Fluorite", "Fluorita", 28),
	(6, "Mineral", "Bauxite", "Bauxita", 12),
	(6, "Mineral", "Malachite", "Malaquita", 19),
	(7, "Mineral", "Turquoise", "Turquesa", 10),
	(7, "Mineral", "Graphite", "Grafito", 14),
	(8, "Mineral", "Sphalerite", "Esfalerita", 17),
	(8, "Mineral", "Corundum", "Corindón", 9),
	(9, "Mineral", "Olivine", "Olivino", 21),
	(9, "Mineral", "Talc", "Talco", 11)
;

INSERT INTO alojamiento (parque_natural, categoria, capacidad) VALUES
	(1, "Cabaña", 6),
	(2, "Camping", 25),
	(3, "Glamping", 12),
	(4, "Bungalow", 8),
	(5, "Cabaña", 10),
	(6, "Camping", 30),
	(7, "Glamping", 8),
	(8, "Bungalow", 6),
	(9, "Cabaña", 12),
	(10, "Camping", 40),
	(11, "Glamping", 10),
	(12, "Bungalow", 8),
	(13, "Cabaña", 6),
	(14, "Camping", 20),
	(15, "Glamping", 8),
	(16, "Bungalow", 4),
	(17, "Cabaña", 8),
	(18, "Camping", 35),
	(19, "Glamping", 6),
	(20, "Bungalow", 10),
	(21, "Cabaña", 8),
	(22, "Camping", 25),
	(23, "Glamping", 12),
	(24, "Bungalow", 6),
	(25, "Cabaña", 10),
	(26, "Camping", 30),
	(27, "Glamping", 8),
	(28, "Bungalow", 4),
	(29, "Cabaña", 12),
	(30, "Camping", 40),
	(31, "Glamping", 10),
	(32, "Bungalow", 8),
	(33, "Cabaña", 6),
	(34, "Camping", 20),
	(35, "Glamping", 8),
	(36, "Bungalow", 4),
	(37, "Cabaña", 8),
	(38, "Camping", 35),
	(39, "Glamping", 6),
	(40, "Bungalow", 10),
	(41, "Cabaña", 8),
	(42, "Camping", 25),
	(43, "Glamping", 12),
	(44, "Bungalow", 6),
	(45, "Cabaña", 10),
	(46, "Camping", 30),
	(47, "Glamping", 8),
	(48, "Bungalow", 4),
	(49, "Cabaña", 12),
	(50, "Camping", 40),
	(51, "Glamping", 10),
	(52, "Bungalow", 8),
	(53, "Cabaña", 6),
	(54, "Camping", 20),
	(55, "Glamping", 8),
	(56, "Bungalow", 4),
	(57, "Cabaña", 8),
	(58, "Camping", 35),
	(59, "Glamping", 6),
	(60, "Bungalow", 10),
	(61, "Cabaña", 8),
	(62, "Camping", 25),
	(63, "Glamping", 12),
	(64, "Bungalow", 6),
	(65, "Cabaña", 10),
	(1, "Glamping", 8),
	(5, "Camping", 28),
	(10, "Bungalow", 6),
	(15, "Cabaña", 4),
	(20, "Glamping", 10),
	(25, "Camping", 32),
	(30, "Bungalow", 8),
	(35, "Cabaña", 6),
	(40, "Glamping", 8),
	(45, "Camping", 24),
	(50, "Bungalow", 6),
	(55, "Cabaña", 8),
	(60, "Glamping", 12),
	(65, "Camping", 30)
;

INSERT INTO visitante (alojamiento, cedula, nombre1, nombre2, apellido1, apellido2, direccion, profesion) VALUES
	(1, "1098765432", "María", "Alejandra", "Gómez", "Rodríguez", "Calle 45 # 23-56, Bogotá", "Ingeniera Ambiental"),
	(2, "79543210", "Carlos", "Alberto", "Martínez", "Pérez", "Carrera 34 # 12-78, Medellín", "Biólogo"),
	(3, "52345678", "Ana", "María", "López", "Herrera", "Avenida 7 # 45-32, Cali", "Fotógrafa"),
	(4, "1001234567", "Juan", "Pablo", "García", "Ramírez", "Calle 67 # 9-45, Barranquilla", "Estudiante"),
	(5, "89012345", "Laura", "Sofía", "Díaz", "Moreno", "Carrera 56 # 78-90, Cartagena", "Médica"),
	(6, "1045678901", "Andrés", "Felipe", "Vargas", "Sánchez", "Diagonal 23 # 45-67, Santa Marta", "Arquitecto"),
	(7, "25678912", "Carolina", NULL, "Restrepo", "Mejía", "Calle 12 # 34-56, Bucaramanga", "Abogada"),
	(8, "1123456789", "Diego", "Alejandro", "Torres", "Castillo", "Avenida 89 # 12-34, Pereira", "Contador"),
	(9, "65432109", "Natalia", "Andrea", "Ruiz", "Ospina", "Carrera 67 # 23-45, Manizales", "Psicóloga"),
	(10, "18765432", "Santiago", NULL, "Jiménez", "Duque", "Calle 56 # 78-90, Pasto", "Veterinario"),
	(11, "1012345678", "Valentina", "Isabella", "Ortiz", "Gutiérrez", "Carrera 23 # 45-67, Ibagué", "Docente"),
	(12, "1234567890", "Daniel", "Esteban", "Quintero", "Ríos", "Avenida 45 # 23-45, Neiva", "Ingeniero Civil"),
	(13, "30123456", "Catalina", "María", "Castro", "Vélez", "Calle 34 # 12-56, Villavicencio", "Diseñadora"),
	(14, "71234567", "Javier", "Eduardo", "Muñoz", "Arango", "Carrera 78 # 90-12, Cúcuta", "Chef"),
	(15, "1034567890", "Sofía", "Camila", "Rivera", "Cardona", "Diagonal 56 # 34-12, Armenia", "Periodista"),
	(16, "60123456", "Miguel", "Ángel", "Aguilar", "Londoño", "Calle 23 # 67-89, Tunja", "Antropólogo"),
	(17, "1023456789", "Isabella", NULL, "Mendoza", "Giraldo", "Avenida 12 # 34-56, Popayán", "Economista"),
	(18, "1076543210", "Sebastián", "Andrés", "Silva", "Molina", "Carrera 45 # 67-89, Montería", "Profesor"),
	(19, "56789012", "Gabriela", "Valentina", "Rojas", "Zuluaga", "Calle 78 # 12-34, Sincelejo", "Administradora"),
	(20, "1056789012", "Nicolás", "David", "Hernández", "Valencia", "Avenida 67 # 45-23, Riohacha", "Geólogo"),
	(21, "40123456", "Paula", "Andrea", "Morales", "Correa", "Carrera 23 # 56-78, Quibdó", "Enfermera"),
	(22, "1078901234", "José", "Luis", "Álvarez", "Jaramillo", "Diagonal 45 # 78-90, Valledupar", "Agricultor"),
	(23, "89123450", "Camila", "Fernanda", "Patiño", "Salazar", "Calle 90 # 12-34, Florencia", "Nutricionista"),
	(24, "1067890123", "Fernando", "José", "Castaño", "Escobar", "Avenida 34 # 56-78, Yopal", "Empresario"),
	(25, "45678901", "Sara", "Lucía", "Naranjo", "Botero", "Carrera 12 # 34-56, Mocoa", "Física"),
	(26, "1089012345", "Roberto", "Carlos", "Franco", "Gómez", "Calle 56 # 78-90, Inírida", "Mecánico"),
	(27, "76543210", "Luisa", "Fernanda", "Uribe", "Martínez", "Avenida 23 # 45-67, Mitú", "Artista"),
	(28, "1090123456", "Andrés", "Santiago", "Mesa", "López", "Carrera 67 # 89-12, Puerto Carreño", "Escritor"),
	(29, "32109876", "Mariana", "Isabel", "Ochoa", "García", "Diagonal 12 # 34-56, San Andrés", "Traductora"),
	(30, "1021345678", "Eduardo", "Javier", "Trujillo", "Díaz", "Calle 45 # 67-89, Leticia", "Músico"),
	(31, "54321098", "Cristina", "Elena", "Hoyos", "Vargas", "Avenida 78 # 90-12, San José del Guaviare", "Historiadora"),
	(32, "1087654321", "Felipe", NULL, "Zapata", "Restrepo", "Carrera 23 # 45-67, Arauca", "Sociólogo"),
	(33, "65432190", "Valeria", "Sofía", "Aristizábal", "Torres", "Calle 67 # 89-12, Buenaventura", "Guía Turística"),
	(34, "1054321098", "Ricardo", "Antonio", "Cárdenas", "Ruiz", "Avenida 12 # 34-56, Tumaco", "Ingeniero de Sistemas"),
	(35, "07654321", "Mónica", "Patricia", "Peña", "Jiménez", "Carrera 56 # 78-90, Puerto Asís", "Contadora"),
	(36, "1043210987", "Pablo", "Emilio", "Yepes", "Ortiz", "Diagonal 23 # 45-67, Turbo", "Zoólogo"),
	(37, "32199876", "Tatiana", NULL, "Bernal", "Quintero", "Calle 78 # 90-12, Caucasia", "Farmacéutica"),
	(38, "1032109876", "Mauricio", "Andrés", "Durán", "Castro", "Avenida 45 # 67-89, Apartadó", "Deportista"),
	(39, "67890123", "Lorena", "Marcela", "Guzmán", "Muñoz", "Carrera 90 # 12-34, Rionegro", "Química"),
	(40, "1012109876", "Jorge", "Iván", "Pardo", "Rivera", "Calle 23 # 45-67, Andes", "Odontólogo"),
	(41, "43210987", "Juliana", "Carolina", "Bueno", "Aguilar", "Avenida 56 # 78-90, Sogamoso", "Terapeuta"),
	(42, "1054321998", "David", "Santiago", "Toro", "Mendoza", "Carrera 12 # 34-56, Duitama", "Ingeniero Industrial"),
	(43, "54321998", "Ángela", "María", "León", "Silva", "Diagonal 67 # 89-12, Chiquinquirá", "Bibliotecaria"),
	(44, "1065432109", "Alejandro", "José", "Varela", "Rojas", "Calle 12 # 34-56, Ipiales", "Bombero"),
	(45, "76543218", "Daniela", "Lucía", "Duque", "Hernández", "Avenida 34 # 56-78, Santander de Quilichao", "Bailarina"),
	(46, "1076543219", "Gustavo", "Alberto", "Montes", "Morales", "Carrera 67 # 89-12, El Banco", "Piloto"),
	(47, "87654321", "Johanna", "Patricia", "Valencia", "Álvarez", "Calle 90 # 12-34, Fundación", "Agrónoma"),
	(48, "1987654321", "Oscar", "Mauricio", "Echeverri", "Patiño", "Avenida 23 # 45-67, Aguachica", "Electricista"),
	(49, "98765432", "Viviana", "Paola", "Orozco", "Castaño", "Carrera 45 # 67-89, Ciénaga", "Pediatra"),
	(50, "1998765432", "Héctor", "Fabio", "Arias", "Naranjo", "Diagonal 78 # 90-12, Chiriguaná", "Carpintero")
;

INSERT INTO personal (area, cedula, nombre1, nombre2, apellido1, apellido2, diceccion, tel_fijo, tel_movil, codigo, tipo, sueldo) VALUES
	(10, "12345678", "Carlos", "Andrés", "Gómez", "Pérez", "Calle 10 #23-45", "6012345", "3001234567", "001", "Gestión", 2500.00),
	(25, "23456789", "María", NULL, "López", "García", "Carrera 7 #12-34", NULL, "3112345678", "002", "Vigilancia", 1800.50),
	(37, "34567890", "Jorge", "Luis", "Martínez", "Rodríguez", "Avenida 15 #45-67", "6015678", "3209876543", "003", "Conservación", 2200.75),
	(42, "45678901", "Ana", "Sofía", "Ramírez", "Fernández", "Diagonal 9 #67-89", "6023456", "3156789012", "004", "Investigador", 3100.20),
	(55, "56789012", "Pedro", NULL, "Hernández", "Díaz", "Transversal 8 #98-76", "6043210", "3223456789", "001", "Gestión", 2700.00),
	(61, "67890123", "Luis", "Fernando", "Torres", "Muñoz", "Calle 20 #11-22", "6056789", "3198765432", "002", "Vigilancia", 1950.80),
	(72, "78901234", "Camila", NULL, "Castro", "Ruiz", "Carrera 5 #33-44", "6076543", "3007654321", "003", "Conservación", 2400.60),
	(84, "89012345", "Felipe", "Alejandro", "Ortiz", "Guzmán", "Avenida 3 #56-78", "6098765", "3182345678", "004", "Investigador", 3300.00),
	(96, "90123456", "Andrea", NULL, "Reyes", "Morales", "Calle 50 #99-100", "6102345", "3216789098", "001", "Gestión", 2600.40),
	(105, "91234567", "Santiago", "Esteban", "Pérez", "Suárez", "Carrera 10 #11-55", "6123456", "3105678943", "002", "Vigilancia", 1850.75),
	(115, "92345678", "Valeria", NULL, "Mendoza", "Jiménez", "Diagonal 6 #44-77", "6134567", "3145678912", "003", "Conservación", 2550.30),
	(125, "93456789", "Daniel", "Eduardo", "Guerrero", "Luna", "Transversal 12 #66-88", "6145678", "3154321987", "004", "Investigador", 2900.90),
	(130, "94567890", "Natalia", NULL, "Cárdenas", "Vargas", "Calle 70 #88-99", "6156789", "3198765432", "001", "Gestión", 2800.00),
	(15, "95678901", "Elena", "María", "González", "Fernández", "Carrera 8 #99-45", "6167890", "3006543210", "002", "Vigilancia", 1900.50),
	(20, "96789012", "Andrés", "Felipe", "Salazar", "Pérez", "Calle 9 #55-66", "6178901", "3123456789", "003", "Conservación", 2450.75),
	(35, "97890123", "Laura", NULL, "Suárez", "García", "Avenida 45 #33-22", "6189012", "3115678901", "004", "Investigador", 2950.00),
	(40, "98901234", "Fernando", "José", "Vargas", "Rodríguez", "Diagonal 3 #88-77", "6190123", "3178901234", "001", "Gestión", 2750.30),
	(50, "99012345", "Jessica", NULL, "Moreno", "López", "Calle 22 #44-11", "6201234", "3134567890", "002", "Vigilancia", 2000.20),
	(60, "99123456", "Camilo", "Andrés", "Ramírez", "Gómez", "Carrera 33 #99-77", "6212345", "3167890123", "003", "Conservación", 2600.40),
	(70, "99234567", "Beatriz", NULL, "Ortega", "Suárez", "Avenida 1 #66-55", "6223456", "3141234567", "004", "Investigador", 3050.60),
	(80, "99345678", "Germán", "Enrique", "Londoño", "Martínez", "Transversal 2 #22-99", "6234567", "3156789012", "001", "Gestión", 2900.80),
	(90, "99456789", "Diana", NULL, "Ríos", "Castro", "Calle 77 #33-22", "6245678", "3123456789", "002", "Vigilancia", 2100.90),
	(100, "99567890", "Sebastián", "David", "Gutiérrez", "Mendoza", "Carrera 6 #11-44", "6256789", "3117890123", "003", "Conservación", 2700.70),
	(110, "99678901", "Patricia", NULL, "Peña", "Ruiz", "Avenida 10 #77-88", "6267890", "3103456789", "004", "Investigador", 3150.50),
	(120, "99789012", "Rodrigo", "Iván", "Silva", "Duarte", "Calle 55 #66-99", "6278901", "3190123456", "001", "Gestión", 3000.20),
	(130, "99890123", "Alejandra", NULL, "Arboleda", "Luna", "Carrera 12 #88-77", "6289012", "3184567890", "002", "Vigilancia", 2200.00),
	(5, "99901234", "Lucía", "Fernanda", "Montenegro", "Rivas", "Carrera 15 #45-33", "6290123", "3176543210", "003", "Conservación", 2500.90),
	(28, "99912345", "Mario", NULL, "Velásquez", "Cortés", "Diagonal 25 #11-77", "6301234", "3167894567", "004", "Investigador", 3100.40),
	(1, "123456780", "Carlos", "Andrés", "Gómez", "Pérez", "Calle 1 #23-45", "6012345", "3001234567", "001", "Gestión", 2500.00),
	(2, "234567890", "Ana", "María", "Rodríguez", "López", "Calle 2 #45-67", "6023456", "3002345678", "001", "Gestión", 2800.00),
	(3, "345678900", "Juan", "Carlos", "Sánchez", "González", "Calle 3 #67-89", "6034567", "3003456789", "002", "Vigilancia", 2200.00),
	(4, "456789010", "Luis", "Miguel", "Torres", "Martínez", "Calle 4 #89-01", "6045678", "3004567890", "002", "Vigilancia", 2300.00),
	(5, "567890120", "Marta", "Isabel", "Ramírez", "Pérez", "Calle 5 #01-23", "6056789", "3005678901", "003", "Conservación", 2400.00),
	(6, "678901230", "Pedro", "Antonio", "Jiménez", "Moreno", "Calle 6 #23-45", "6067890", "3006789012", "003", "Conservación", 2500.00),
	(7, "789012340", "Julia", "Fernanda", "Alvarez", "Serrano", "Calle 7 #45-67", "6078901", "3007890123", "004", "Investigador", 3000.00),
	(8, "890123450", "Ricardo", "Luis", "Mendoza", "Gutiérrez", "Calle 8 #67-89", "6089012", "3008901234", "004", "Investigador", 3200.00),
	(9, "901234560", "Sofía", "Beatriz", "Pérez", "Córdoba", "Calle 9 #89-01", "6090123", "3009012345", "001", "Gestión", 2700.00),
	(10, "112233440", "Jorge", "Eduardo", "Castro", "Sánchez", "Calle 10 #01-23", "6101234", "3010123456", "001", "Gestión", 2900.00),
	(11, "223344550", "Isabel", "Cristina", "Martínez", "Ramos", "Calle 11 #23-45", "6112345", "3011234567", "002", "Vigilancia", 2150.00),
	(12, "334455660", "Carlos", "Eduardo", "García", "Vega", "Calle 12 #45-67", "6123456", "3012345678", "002", "Vigilancia", 2250.00),
	(13, "445566770", "Patricia", "Fernanda", "López", "Díaz", "Calle 13 #67-89", "6134567", "3013456789", "003", "Conservación", 2350.00),
	(14, "556677880", "Miguel", "Ángel", "Ruiz", "Hernández", "Calle 14 #89-01", "6145678", "3014567890", "003", "Conservación", 2450.00),
	(15, "667788990", "Raquel", "Elena", "Morales", "Gómez", "Calle 15 #01-23", "6156789", "3015678901", "004", "Investigador", 3100.00),
	(16, "778899000", "José", "Luis", "Navarro", "Jiménez", "Calle 16 #23-45", "6167890", "3016789012", "004", "Investigador", 3300.00),
	(17, "889900110", "Laura", "Verónica", "Cabrera", "Flores", "Calle 17 #45-67", "6178901", "3017890123", "001", "Gestión", 2600.00),
	(18, "990011220", "Alejandro", "José", "Serrano", "Castro", "Calle 18 #67-89", "6189012", "3018901234", "001", "Gestión", 2750.00),
	(19, "101112130", "Gloria", "Ana", "González", "Méndez", "Calle 19 #89-01", "6190123", "3019012345", "002", "Vigilancia", 2400.00),
	(20, "212223240", "Tomás", "Antonio", "Vázquez", "López", "Calle 20 #01-23", "6201234", "3020123456", "002", "Vigilancia", 2500.00),
	(21, "323334350", "Paula", "Margarita", "Gómez", "Hernández", "Calle 21 #23-45", "6212345", "3021234567", "003", "Conservación", 2550.00),
	(22, "434445460", "Luis", "Carlos", "Martínez", "Rodríguez", "Calle 22 #45-67", "6223456", "3022345678", "003", "Conservación", 2650.00)
;

INSERT INTO visita (area, visitante, ingreso, salida) VALUES
	(12, 35, "2025-03-01 09:15:00", "2025-03-01 11:15:00"),
	(56, 4, "2025-03-01 10:00:00", "2025-03-01 12:00:00"),
	(23, 19, "2025-03-02 08:30:00", "2025-03-02 10:30:00"),
	(42, 10, "2025-03-02 11:00:00", "2025-03-02 13:00:00"),
	(17, 27, "2025-03-03 14:00:00", "2025-03-03 16:00:00"),
	(61, 9, "2025-03-03 12:30:00", "2025-03-03 14:30:00"),
	(11, 49, "2025-03-04 08:45:00", "2025-03-04 10:45:00"),
	(130, 23, "2025-03-04 09:00:00", "2025-03-04 11:00:00"),
	(56, 38, "2025-03-05 13:00:00", "2025-03-05 15:00:00"),
	(8, 50, "2025-03-05 15:15:00", "2025-03-05 17:15:00"),
	(20, 7, "2025-03-06 16:30:00", "2025-03-06 18:30:00"),
	(76, 32, "2025-03-06 14:45:00", "2025-03-06 16:45:00"),
	(39, 21, "2025-03-07 09:30:00", "2025-03-07 11:30:00"),
	(98, 43, "2025-03-07 11:15:00", "2025-03-07 13:15:00"),
	(12, 19, "2025-03-08 10:00:00", "2025-03-08 12:00:00"),
	(58, 5, "2025-03-08 12:00:00", "2025-03-08 14:00:00"),
	(66, 31, "2025-03-09 09:30:00", "2025-03-09 11:30:00"),
	(84, 11, "2025-03-09 15:00:00", "2025-03-09 17:00:00"),
	(13, 25, "2025-03-10 08:45:00", "2025-03-10 10:45:00"),
	(3, 29, "2025-03-10 16:30:00", "2025-03-10 18:30:00"),
	(57, 12, "2025-03-11 14:00:00", "2025-03-11 16:00:00"),
	(45, 48, "2025-03-11 13:00:00", "2025-03-11 15:00:00"),
	(77, 2, "2025-03-12 08:00:00", "2025-03-12 10:00:00"),
	(19, 40, "2025-03-12 14:00:00", "2025-03-12 16:00:00"),
	(18, 50, "2025-03-13 09:00:00", "2025-03-13 11:00:00"),
	(61, 34, "2025-03-13 11:30:00", "2025-03-13 13:30:00"),
	(34, 4, "2025-03-14 08:30:00", "2025-03-14 10:30:00"),
	(79, 13, "2025-03-14 09:15:00", "2025-03-14 11:15:00"),
	(26, 17, "2025-03-15 10:00:00", "2025-03-15 12:00:00"),
	(90, 21, "2025-03-15 14:00:00", "2025-03-15 16:00:00"),
	(36, 8, "2025-03-16 12:00:00", "2025-03-16 14:00:00"),
	(28, 49, "2025-03-16 13:45:00", "2025-03-16 15:45:00"),
	(123, 25, "2025-03-17 14:30:00", "2025-03-17 16:30:00"),
	(95, 27, "2025-03-17 08:00:00", "2025-03-17 10:00:00"),
	(44, 14, "2025-03-18 09:00:00", "2025-03-18 11:00:00"),
	(77, 1, "2025-03-18 14:00:00", "2025-03-18 16:00:00"),
	(8, 19, "2025-03-19 10:30:00", "2025-03-19 12:30:00"),
	(63, 32, "2025-03-19 09:30:00", "2025-03-19 11:30:00"),
	(33, 26, "2025-03-20 13:00:00", "2025-03-20 15:00:00"),
	(57, 10, "2025-03-20 11:30:00", "2025-03-20 13:30:00"),
	(111, 35, "2025-03-21 14:00:00", "2025-03-21 16:00:00"),
	(12, 15, "2025-03-21 13:30:00", "2025-03-21 15:30:00"),
	(80, 23, "2025-03-22 09:45:00", "2025-03-22 11:45:00"),
	(59, 6, "2025-03-22 14:30:00", "2025-03-22 16:30:00"),
	(98, 44, "2025-03-23 12:00:00", "2025-03-23 14:00:00"),
	(63, 1, "2025-03-23 13:15:00", "2025-03-23 15:15:00"),
	(123, 22, "2025-03-24 09:30:00", "2025-03-24 11:30:00"),
	(101, 12, "2025-03-24 15:00:00", "2025-03-24 17:00:00"),
	(30, 33, "2025-03-25 11:00:00", "2025-03-25 13:00:00"),
	(45, 50, "2025-03-25 09:15:00", "2025-03-25 11:15:00")
;

INSERT INTO gestion_visita (gestor, visita, operacion) VALUES
	(1, 1, "Ingreso"),
	(2, 2, "Ingreso"),
	(3, 3, "Salida"),
	(4, 4, "Ingreso"),
	(5, 5, "Salida"),
	(6, 6, "Ingreso"),
	(7, 7, "Ingreso"),
	(8, 8, "Salida"),
	(9, 9, "Ingreso"),
	(10, 10, "Salida"),
	(11, 11, "Ingreso"),
	(12, 12, "Salida"),
	(13, 13, "Ingreso"),
	(14, 14, "Salida"),
	(15, 15, "Ingreso"),
	(16, 16, "Salida"),
	(17, 17, "Ingreso"),
	(18, 18, "Ingreso"),
	(19, 19, "Salida"),
	(20, 20, "Ingreso"),
	(21, 21, "Salida"),
	(22, 22, "Ingreso"),
	(23, 23, "Salida"),
	(24, 24, "Ingreso"),
	(25, 25, "Ingreso"),
	(26, 26, "Salida"),
	(27, 27, "Ingreso"),
	(28, 28, "Salida"),
	(29, 29, "Ingreso"),
	(30, 30, "Salida"),
	(31, 31, "Ingreso"),
	(32, 32, "Salida"),
	(33, 33, "Ingreso"),
	(34, 34, "Ingreso"),
	(35, 35, "Salida"),
	(36, 36, "Ingreso"),
	(37, 37, "Salida"),
	(38, 38, "Ingreso"),
	(39, 39, "Ingreso"),
	(40, 40, "Salida"),
	(41, 41, "Ingreso"),
	(42, 42, "Salida"),
	(43, 43, "Ingreso"),
	(44, 44, "Salida"),
	(45, 45, "Ingreso"),
	(46, 46, "Salida"),
	(47, 47, "Ingreso"),
	(48, 48, "Salida"),
	(49, 49, "Ingreso"),
	(50, 50, "Salida")
;

INSERT INTO vehiculo (tipo, marca) VALUES
	("Automóvil", "Toyota"),
	("Camión", "Ford"),
	("Motocicleta", "Honda"),
	("Automóvil", "Chevrolet"),
	("Camión", "Ram"),
	("Motocicleta", "Yamaha"),
	("Automóvil", "BMW"),
	("Camión", "Mercedes-Benz"),
	("Motocicleta", "Suzuki"),
	("Automóvil", "Audi"),
	("Camión", "Nissan"),
	("Motocicleta", "Kawasaki"),
	("Automóvil", "Volkswagen"),
	("Camión", "Mack"),
	("Motocicleta", "Harley-Davidson"),
	("Automóvil", "Hyundai"),
	("Camión", "International"),
	("Motocicleta", "Ducati"),
	("Automóvil", "Mazda"),
	("Camión", "Kenworth"),
	("Motocicleta", "Indian"),
	("Automóvil", "Peugeot"),
	("Camión", "Freightliner"),
	("Motocicleta", "Triumph"),
	("Automóvil", "Renault"),
	("Camión", "Isuzu"),
	("Motocicleta", "Aprilia"),
	("Automóvil", "Fiat"),
	("Camión", "Hino"),
	("Motocicleta", "BMW"),
	("Automóvil", "Kia"),
	("Camión", "Scania"),
	("Motocicleta", "Benelli"),
	("Automóvil", "Ford"),
	("Camión", "MAN"),
	("Motocicleta", "Moto Guzzi"),
	("Automóvil", "Subaru"),
	("Camión", "Volvo"),
	("Motocicleta", "Royal Enfield"),
	("Automóvil", "Honda"),
	("Camión", "Peterbilt"),
	("Motocicleta", "BSA"),
	("Automóvil", "Mercedes-Benz"),
	("Camión", "Daewoo"),
	("Motocicleta", "Harley-Davidson"),
	("Automóvil", "Toyota"),
	("Camión", "Volvo"),
	("Motocicleta", "Suzuki"),
	("Automóvil", "Chrysler"),
	("Camión", "Peugeot")
;

INSERT INTO vehiculo_vigilancia (vigilante, vehiculo, rol) VALUES
	(1, 1, "Conductor"),
	(2, 2, "Pasajero"),
	(3, 3, "Conductor"),
	(4, 4, "Pasajero"),
	(5, 5, "Conductor"),
	(6, 6, "Pasajero"),
	(7, 7, "Conductor"),
	(8, 8, "Pasajero"),
	(9, 9, "Conductor"),
	(10, 10, "Pasajero"),
	(11, 11, "Conductor"),
	(12, 12, "Pasajero"),
	(13, 13, "Conductor"),
	(14, 14, "Pasajero"),
	(15, 15, "Conductor"),
	(16, 16, "Pasajero"),
	(17, 17, "Conductor"),
	(18, 18, "Pasajero"),
	(19, 19, "Conductor"),
	(20, 20, "Pasajero"),
	(21, 21, "Conductor"),
	(22, 22, "Pasajero"),
	(23, 23, "Conductor"),
	(24, 24, "Pasajero"),
	(25, 25, "Conductor"),
	(26, 26, "Pasajero"),
	(27, 27, "Conductor"),
	(28, 28, "Pasajero"),
	(29, 29, "Conductor"),
	(30, 30, "Pasajero"),
	(31, 31, "Conductor"),
	(32, 32, "Pasajero"),
	(33, 33, "Conductor"),
	(34, 34, "Pasajero"),
	(35, 35, "Conductor"),
	(36, 36, "Pasajero"),
	(37, 37, "Conductor"),
	(38, 38, "Pasajero"),
	(39, 39, "Conductor"),
	(40, 40, "Pasajero"),
	(41, 41, "Conductor"),
	(42, 42, "Pasajero"),
	(43, 43, "Conductor"),
	(44, 44, "Pasajero"),
	(45, 45, "Conductor"),
	(46, 46, "Pasajero"),
	(47, 47, "Conductor"),
	(48, 48, "Pasajero"),
	(49, 49, "Conductor"),
	(50, 50, "Pasajero")
;

INSERT INTO guardaparque (personal, especialidad) VALUES
	(1, "Botánica"),
	(2, "Zoología"),
	(3, "Ecología"),
	(4, "Ornitología"),
	(5, "Conservación"),
	(6, "Herpetología"),
	(7, "Manejo forestal"),
	(8, "Vigilancia"),
	(9, "Pesca"),
	(10, "Geología"),
	(11, "Antropología"),
	(12, "Educación ambiental"),
	(13, "Técnico en fauna"),
	(14, "Investigación"),
	(15, "Manejo de especies"),
	(16, "Restauración"),
	(17, "Arquitectura ecológica"),
	(18, "Botánica aplicada"),
	(19, "Biología marina"),
	(20, "Agricultura sostenible"),
	(21, "Ecoturismo"),
	(22, "Protección animal"),
	(23, "Veterinaria silvestre"),
	(24, "Ciencias naturales"),
	(25, "Gestión ambiental"),
	(26, "Fitosociología"),
	(27, "Desarrollo rural"),
	(28, "Planificación territorial"),
	(29, "Biotecnología"),
	(30, "Paisajismo"),
	(31, "Educación natural"),
	(32, "Turismo sostenible"),
	(33, "Ingeniería ambiental"),
	(34, "Ciencias forestales"),
	(35, "Monitoreo de fauna"),
	(36, "Consultoría ecológica"),
	(37, "Información geográfica"),
	(38, "Impacto ambiental"),
	(39, "Gestión de recursos hídricos"),
	(40, "Agronomía"),
	(41, "Protección de hábitats"),
	(42, "Biodiversidad"),
	(43, "Investigación ecológica"),
	(44, "Arqueología ambiental"),
	(45, "Desarrollo sostenible"),
	(46, "Restauración ecológica"),
	(47, "Manejo de residuos"),
	(48, "Manejo de parques"),
	(49, "Geoinformática"),
	(50, "Estrategias de conservación")
;

INSERT INTO proyecto_investigacion (titulo, presupuesto, comienzo, final) VALUES
	("Investigación en Inteligencia Artificial", 50000.00, "2025-04-01", "2025-05-01"),
	("Estudio de Energía Renovable", 35000.00, "2025-05-01", "2025-06-01"),
	("Investigación sobre Cambio Climático", 42000.00, "2025-06-01", "2025-07-01"),
	("Desarrollo de Nuevas Tecnologías en Salud", 60000.00, "2025-07-01", "2025-08-01"),
	("Análisis de Datos en Ciencias Sociales", 28000.00, "2025-08-01", "2025-09-01"),
	("Estudio de Nuevos Materiales", 49000.00, "2025-09-01", "2025-10-01"),
	("Investigación de la Biodiversidad", 46000.00, "2025-10-01", "2025-11-01"),
	("Desarrollo de Software para Gestión Pública", 70000.00, "2025-11-01", "2025-12-01"),
	("Estudio sobre el Uso del Agua en la Agricultura", 31000.00, "2025-12-01", "2026-01-01"),
	("Investigación en Educación a Distancia", 42000.00, "2026-01-01", "2026-02-01"),
	("Estudio sobre Energía Solar en Zonas Rurales", 53000.00, "2026-02-01", "2026-03-01"),
	("Investigación sobre Biotecnología en Medicina", 60000.00, "2026-03-01", "2026-04-01"),
	("Estudio sobre el Uso de Big Data en la Salud", 47000.00, "2026-04-01", "2026-05-01"),
	("Desarrollo de Aplicaciones para la Inclusión Social", 33000.00, "2026-05-01", "2026-06-01"),
	("Investigación en Ingeniería Civil y Sostenibilidad", 55000.00, "2026-06-01", "2026-07-01"),
	("Estudio de los Efectos de la Contaminación en la Salud", 42000.00, "2026-07-01", "2026-08-01"),
	("Investigación en Robótica Industrial", 60000.00, "2026-08-01", "2026-09-01"),
	("Estudio de Nuevas Fuentes de Energía", 48000.00, "2026-09-01", "2026-10-01"),
	("Investigación sobre Agricultura Inteligente", 39000.00, "2026-10-01", "2026-11-01"),
	("Desarrollo de Tecnología para el Control de Enfermedades", 50000.00, "2026-11-01", "2026-12-01"),
	("Estudio sobre el Uso de Inteligencia Artificial en la Educación", 46000.00, "2026-12-01", "2027-01-01"),
	("Investigación en Innovaciones en Transporte Público", 54000.00, "2027-01-01", "2027-02-01"),
	("Estudio sobre el Uso de Energía Eólica en Zonas Urbanas", 59000.00, "2027-02-01", "2027-03-01"),
	("Investigación en Nuevos Tratamientos para Enfermedades", 65000.00, "2027-03-01", "2027-04-01"),
	("Estudio de las Tecnologías de Blockchain en Finanzas", 52000.00, "2027-04-01", "2027-05-01"),
	("Investigación sobre Inteligencia Artificial en el Marketing", 48000.00, "2027-05-01", "2027-06-01"),
	("Desarrollo de Herramientas para el Cuidado del Medio Ambiente", 45000.00, "2027-06-01", "2027-07-01"),
	("Investigación en Bioinformática", 57000.00, "2027-07-01", "2027-08-01"),
	("Estudio sobre Nuevas Técnicas de Educación Científica", 42000.00, "2027-08-01", "2027-09-01"),
	("Investigación en Nanotecnología para la Medicina", 65000.00, "2027-09-01", "2027-10-01"),
	("Estudio sobre el Uso de Realidad Aumentada en la Educación", 47000.00, "2027-10-01", "2027-11-01"),
	("Desarrollo de Soluciones para la Gestión de Residuos", 43000.00, "2027-11-01", "2027-12-01"),
	("Investigación en Terapias Genéticas", 59000.00, "2027-12-01", "2028-01-01"),
	("Estudio sobre la Digitalización de la Administración Pública", 53000.00, "2028-01-01", "2028-02-01"),
	("Investigación en el Uso de Energías Renovables en la Industria", 60000.00, "2028-02-01", "2028-03-01"),
	("Estudio sobre la Inteligencia Artificial en la Medicina", 52000.00, "2028-03-01", "2028-04-01"),
	("Investigación sobre Impacto Ambiental de Nuevas Tecnologías", 46000.00, "2028-04-01", "2028-05-01"),
	("Desarrollo de Tecnología para la Gestión del Cambio Climático", 70000.00, "2028-05-01", "2028-06-01"),
	("Estudio sobre la Eficiencia Energética en Edificaciones", 54000.00, "2028-06-01", "2028-07-01"),
	("Investigación en Nuevos Tratamientos para Cáncer", 65000.00, "2028-07-01", "2028-08-01"),
	("Estudio sobre la Sostenibilidad de la Pesca Marítima", 50000.00, "2028-08-01", "2028-09-01"),
	("Investigación sobre Tecnologías de Comunicación Inalámbrica", 59000.00, "2028-09-01", "2028-10-01"),
	("Desarrollo de Herramientas de Inteligencia Artificial para Negocios", 52000.00, "2028-10-01", "2028-11-01"),
	("Estudio sobre el Impacto de la Inteligencia Artificial en el Empleo", 43000.00, "2028-11-01", "2028-12-01"),
	("Investigación sobre Energía Geotérmica", 48000.00, "2028-12-01", "2029-01-01"),
	("Estudio de las Nuevas Formas de Gestión de la Salud Pública", 55000.00, "2029-01-01", "2029-02-01"),
	("Investigación en la Tecnología de Almacenamiento de Energía", 60000.00, "2029-02-01", "2029-03-01"),
	("Estudio sobre las Nuevas Terapias en Neurociencia", 46000.00, "2029-03-01", "2029-04-01"),
	("Investigación en Tecnologías de la Información para la Agricultura", 50000.00, "2029-04-01", "2029-05-01"),
	("Estudio sobre el Uso de la Inteligencia Artificial en la Seguridad", 54000.00, "2029-05-01", "2029-06-01")
;

INSERT INTO especie_investigacion (especie, investigacion, especimenes) VALUES
	(15, 1, 150),
	(48, 2, 350),
	(92, 3, 500),
	(63, 4, 220),
	(37, 5, 600),
	(122, 6, 450),
	(85, 7, 750),
	(73, 8, 300),
	(56, 9, 100),
	(99, 10, 200),
	(5, 11, 550),
	(116, 12, 450),
	(33, 13, 800),
	(110, 14, 400),
	(82, 15, 250),
	(10, 16, 650),
	(27, 17, 900),
	(79, 18, 700),
	(60, 19, 350),
	(117, 20, 500),
	(67, 21, 750),
	(123, 22, 850),
	(42, 23, 600),
	(21, 24, 100),
	(70, 25, 650),
	(109, 26, 400),
	(96, 27, 950),
	(56, 28, 850),
	(91, 29, 700),
	(61, 30, 500),
	(43, 31, 300),
	(118, 32, 150),
	(88, 33, 400),
	(72, 34, 550),
	(38, 35, 800),
	(36, 36, 200),
	(64, 37, 950),
	(71, 38, 450),
	(31, 39, 600),
	(8, 40, 350),
	(18, 41, 500),
	(101, 42, 300),
	(100, 43, 700),
	(55, 44, 250),
	(49, 45, 750),
	(39, 46, 650),
	(87, 47, 400),
	(14, 48, 850),
	(68, 49, 950),
	(25, 50, 200)
;

INSERT INTO investigador_investigacion (investigador, investigacion, funcion) VALUES
	(1, 1, "Coordinador"),
	(2, 2, "Asistente"),
	(3, 3, "Analista"),
	(4, 4, "Investigador Principal"),
	(5, 5, "Técnico"),
	(6, 6, "Investigador Principal"),
	(7, 7, "Asistente"),
	(8, 8, "Técnico"),
	(9, 9, "Investigador Principal"),
	(10, 10, "Analista"),
	(11, 11, "Coordinador"),
	(12, 12, "Asistente"),
	(13, 13, "Investigador Principal"),
	(14, 14, "Técnico"),
	(15, 15, "Investigador Principal"),
	(16, 16, "Analista"),
	(17, 17, "Coordinador"),
	(18, 18, "Investigador Principal"),
	(19, 19, "Técnico"),
	(20, 20, "Asistente"),
	(21, 21, "Investigador Principal"),
	(22, 22, "Coordinador"),
	(23, 23, "Técnico"),
	(24, 24, "Asistente"),
	(25, 25, "Investigador Principal"),
	(26, 26, "Analista"),
	(27, 27, "Investigador Principal"),
	(28, 28, "Coordinador"),
	(29, 29, "Técnico"),
	(30, 30, "Asistente"),
	(31, 31, "Investigador Principal"),
	(32, 32, "Técnico"),
	(33, 33, "Asistente"),
	(34, 34, "Investigador Principal"),
	(35, 35, "Coordinador"),
	(36, 36, "Técnico"),
	(37, 37, "Asistente"),
	(38, 38, "Investigador Principal"),
	(39, 39, "Coordinador"),
	(40, 40, "Investigador Principal"),
	(41, 41, "Técnico"),
	(42, 42, "Analista"),
	(43, 43, "Investigador Principal"),
	(44, 44, "Coordinador"),
	(45, 45, "Técnico"),
	(46, 46, "Investigador Principal"),
	(47, 47, "Asistente"),
	(48, 48, "Coordinador"),
	(49, 49, "Técnico"),
	(50, 50, "Investigador Principal")
;